product_id,motivo
20001,"Fallo Prophet, uso media positiva"
20002,"Fallo Prophet, uso media positiva"
20003,"Fallo Prophet, uso media positiva"
20004,"Fallo Prophet, uso media positiva"
20005,"Fallo Prophet, uso media positiva"
20006,"Fallo Prophet, uso media positiva"
20007,"Fallo Prophet, uso media positiva"
20008,"Fallo Prophet, uso media positiva"
20009,"Fallo Prophet, uso media positiva"
20010,"Fallo Prophet, uso media positiva"
20011,"Fallo Prophet, uso media positiva"
20012,"Fallo Prophet, uso media positiva"
20013,"Fallo Prophet, uso media positiva"
20014,"Fallo Prophet, uso media positiva"
20015,"Fallo Prophet, uso media positiva"
20016,"Fallo Prophet, uso media positiva"
20017,"Fallo Prophet, uso media positiva"
20018,"Fallo Prophet, uso media positiva"
20019,"Fallo Prophet, uso media positiva"
20020,"Fallo Prophet, uso media positiva"
20021,"Fallo Prophet, uso media positiva"
20022,"Fallo Prophet, uso media positiva"
20023,"Fallo Prophet, uso media positiva"
20024,"Fallo Prophet, uso media positiva"
20025,"Fallo Prophet, uso media positiva"
20026,"Fallo Prophet, uso media positiva"
20027,"Fallo Prophet, uso media positiva"
20028,"Fallo Prophet, uso media positiva"
20029,"Fallo Prophet, uso media positiva"
20030,"Fallo Prophet, uso media positiva"
20031,"Fallo Prophet, uso media positiva"
20032,Menos de 19 períodos positivos
20033,"Fallo Prophet, uso media positiva"
20035,"Fallo Prophet, uso media positiva"
20037,"Fallo Prophet, uso media positiva"
20038,"Fallo Prophet, uso media positiva"
20039,"Fallo Prophet, uso media positiva"
20041,"Fallo Prophet, uso media positiva"
20042,"Fallo Prophet, uso media positiva"
20043,"Fallo Prophet, uso media positiva"
20044,"Fallo Prophet, uso media positiva"
20045,"Fallo Prophet, uso media positiva"
20046,"Fallo Prophet, uso media positiva"
20047,"Fallo Prophet, uso media positiva"
20049,"Fallo Prophet, uso media positiva"
20050,"Fallo Prophet, uso media positiva"
20051,"Fallo Prophet, uso media positiva"
20052,"Fallo Prophet, uso media positiva"
20053,"Fallo Prophet, uso media positiva"
20054,"Fallo Prophet, uso media positiva"
20055,"Fallo Prophet, uso media positiva"
20056,"Fallo Prophet, uso media positiva"
20057,"Fallo Prophet, uso media positiva"
20058,"Fallo Prophet, uso media positiva"
20059,"Fallo Prophet, uso media positiva"
20061,"Fallo Prophet, uso media positiva"
20062,"Fallo Prophet, uso media positiva"
20063,"Fallo Prophet, uso media positiva"
20065,"Fallo Prophet, uso media positiva"
20066,"Fallo Prophet, uso media positiva"
20067,"Fallo Prophet, uso media positiva"
20068,"Fallo Prophet, uso media positiva"
20069,"Fallo Prophet, uso media positiva"
20070,"Fallo Prophet, uso media positiva"
20071,"Fallo Prophet, uso media positiva"
20072,"Fallo Prophet, uso media positiva"
20073,"Fallo Prophet, uso media positiva"
20074,"Fallo Prophet, uso media positiva"
20075,"Fallo Prophet, uso media positiva"
20076,"Fallo Prophet, uso media positiva"
20077,"Fallo Prophet, uso media positiva"
20079,"Fallo Prophet, uso media positiva"
20080,"Fallo Prophet, uso media positiva"
20081,"Fallo Prophet, uso media positiva"
20082,"Fallo Prophet, uso media positiva"
20084,"Fallo Prophet, uso media positiva"
20085,Menos de 19 períodos positivos
20086,"Fallo Prophet, uso media positiva"
20087,"Fallo Prophet, uso media positiva"
20089,Menos de 19 períodos positivos
20090,"Fallo Prophet, uso media positiva"
20091,"Fallo Prophet, uso media positiva"
20092,"Fallo Prophet, uso media positiva"
20093,"Fallo Prophet, uso media positiva"
20094,"Fallo Prophet, uso media positiva"
20095,"Fallo Prophet, uso media positiva"
20096,"Fallo Prophet, uso media positiva"
20097,"Fallo Prophet, uso media positiva"
20099,"Fallo Prophet, uso media positiva"
20100,"Fallo Prophet, uso media positiva"
20101,"Fallo Prophet, uso media positiva"
20102,"Fallo Prophet, uso media positiva"
20103,"Fallo Prophet, uso media positiva"
20106,"Fallo Prophet, uso media positiva"
20107,"Fallo Prophet, uso media positiva"
20108,"Fallo Prophet, uso media positiva"
20109,"Fallo Prophet, uso media positiva"
20111,"Fallo Prophet, uso media positiva"
20112,"Fallo Prophet, uso media positiva"
20114,"Fallo Prophet, uso media positiva"
20116,"Fallo Prophet, uso media positiva"
20117,"Fallo Prophet, uso media positiva"
20118,"Fallo Prophet, uso media positiva"
20119,"Fallo Prophet, uso media positiva"
20120,"Fallo Prophet, uso media positiva"
20121,"Fallo Prophet, uso media positiva"
20122,"Fallo Prophet, uso media positiva"
20123,"Fallo Prophet, uso media positiva"
20124,"Fallo Prophet, uso media positiva"
20125,"Fallo Prophet, uso media positiva"
20126,"Fallo Prophet, uso media positiva"
20127,Menos de 19 períodos positivos
20129,"Fallo Prophet, uso media positiva"
20130,"Fallo Prophet, uso media positiva"
20132,"Fallo Prophet, uso media positiva"
20133,"Fallo Prophet, uso media positiva"
20134,"Fallo Prophet, uso media positiva"
20135,"Fallo Prophet, uso media positiva"
20137,"Fallo Prophet, uso media positiva"
20138,"Fallo Prophet, uso media positiva"
20139,"Fallo Prophet, uso media positiva"
20140,"Fallo Prophet, uso media positiva"
20142,"Fallo Prophet, uso media positiva"
20143,"Fallo Prophet, uso media positiva"
20144,"Fallo Prophet, uso media positiva"
20145,"Fallo Prophet, uso media positiva"
20146,"Fallo Prophet, uso media positiva"
20148,"Fallo Prophet, uso media positiva"
20150,"Fallo Prophet, uso media positiva"
20151,"Fallo Prophet, uso media positiva"
20152,"Fallo Prophet, uso media positiva"
20153,"Fallo Prophet, uso media positiva"
20155,"Fallo Prophet, uso media positiva"
20157,"Fallo Prophet, uso media positiva"
20158,"Fallo Prophet, uso media positiva"
20159,"Fallo Prophet, uso media positiva"
20160,"Fallo Prophet, uso media positiva"
20161,"Fallo Prophet, uso media positiva"
20162,"Fallo Prophet, uso media positiva"
20164,"Fallo Prophet, uso media positiva"
20166,"Fallo Prophet, uso media positiva"
20167,"Fallo Prophet, uso media positiva"
20168,"Fallo Prophet, uso media positiva"
20170,"Fallo Prophet, uso media positiva"
20174,Menos de 19 períodos positivos
20175,"Fallo Prophet, uso media positiva"
20176,"Fallo Prophet, uso media positiva"
20177,"Fallo Prophet, uso media positiva"
20179,"Fallo Prophet, uso media positiva"
20180,"Fallo Prophet, uso media positiva"
20181,"Fallo Prophet, uso media positiva"
20182,"Fallo Prophet, uso media positiva"
20183,"Fallo Prophet, uso media positiva"
20184,"Fallo Prophet, uso media positiva"
20187,"Fallo Prophet, uso media positiva"
20188,"Fallo Prophet, uso media positiva"
20189,"Fallo Prophet, uso media positiva"
20192,"Fallo Prophet, uso media positiva"
20193,"Fallo Prophet, uso media positiva"
20196,"Fallo Prophet, uso media positiva"
20197,"Fallo Prophet, uso media positiva"
20198,"Fallo Prophet, uso media positiva"
20200,"Fallo Prophet, uso media positiva"
20201,"Fallo Prophet, uso media positiva"
20202,"Fallo Prophet, uso media positiva"
20203,"Fallo Prophet, uso media positiva"
20205,"Fallo Prophet, uso media positiva"
20206,"Fallo Prophet, uso media positiva"
20207,"Fallo Prophet, uso media positiva"
20208,"Fallo Prophet, uso media positiva"
20209,"Fallo Prophet, uso media positiva"
20210,Menos de 19 períodos positivos
20211,"Fallo Prophet, uso media positiva"
20212,"Fallo Prophet, uso media positiva"
20213,Menos de 19 períodos positivos
20215,"Fallo Prophet, uso media positiva"
20216,"Fallo Prophet, uso media positiva"
20218,"Fallo Prophet, uso media positiva"
20219,"Fallo Prophet, uso media positiva"
20220,"Fallo Prophet, uso media positiva"
20222,"Fallo Prophet, uso media positiva"
20224,"Fallo Prophet, uso media positiva"
20225,"Fallo Prophet, uso media positiva"
20226,"Fallo Prophet, uso media positiva"
20227,"Fallo Prophet, uso media positiva"
20228,"Fallo Prophet, uso media positiva"
20230,"Fallo Prophet, uso media positiva"
20231,"Fallo Prophet, uso media positiva"
20232,"Fallo Prophet, uso media positiva"
20233,"Fallo Prophet, uso media positiva"
20234,"Fallo Prophet, uso media positiva"
20235,"Fallo Prophet, uso media positiva"
20236,Menos de 19 períodos positivos
20237,"Fallo Prophet, uso media positiva"
20238,"Fallo Prophet, uso media positiva"
20239,"Fallo Prophet, uso media positiva"
20240,"Fallo Prophet, uso media positiva"
20241,"Fallo Prophet, uso media positiva"
20242,"Fallo Prophet, uso media positiva"
20244,"Fallo Prophet, uso media positiva"
20246,"Fallo Prophet, uso media positiva"
20249,"Fallo Prophet, uso media positiva"
20251,"Fallo Prophet, uso media positiva"
20252,"Fallo Prophet, uso media positiva"
20253,"Fallo Prophet, uso media positiva"
20254,"Fallo Prophet, uso media positiva"
20255,"Fallo Prophet, uso media positiva"
20256,"Fallo Prophet, uso media positiva"
20257,Menos de 19 períodos positivos
20259,"Fallo Prophet, uso media positiva"
20261,Menos de 19 períodos positivos
20262,"Fallo Prophet, uso media positiva"
20263,"Fallo Prophet, uso media positiva"
20264,"Fallo Prophet, uso media positiva"
20265,"Fallo Prophet, uso media positiva"
20266,"Fallo Prophet, uso media positiva"
20267,"Fallo Prophet, uso media positiva"
20268,"Fallo Prophet, uso media positiva"
20269,"Fallo Prophet, uso media positiva"
20270,"Fallo Prophet, uso media positiva"
20271,"Fallo Prophet, uso media positiva"
20272,"Fallo Prophet, uso media positiva"
20273,"Fallo Prophet, uso media positiva"
20275,"Fallo Prophet, uso media positiva"
20276,"Fallo Prophet, uso media positiva"
20277,"Fallo Prophet, uso media positiva"
20278,"Fallo Prophet, uso media positiva"
20280,"Fallo Prophet, uso media positiva"
20281,"Fallo Prophet, uso media positiva"
20282,"Fallo Prophet, uso media positiva"
20283,"Fallo Prophet, uso media positiva"
20284,"Fallo Prophet, uso media positiva"
20285,"Fallo Prophet, uso media positiva"
20286,Menos de 19 períodos positivos
20288,"Fallo Prophet, uso media positiva"
20289,"Fallo Prophet, uso media positiva"
20290,"Fallo Prophet, uso media positiva"
20291,"Fallo Prophet, uso media positiva"
20292,"Fallo Prophet, uso media positiva"
20295,"Fallo Prophet, uso media positiva"
20296,"Fallo Prophet, uso media positiva"
20297,"Fallo Prophet, uso media positiva"
20298,"Fallo Prophet, uso media positiva"
20299,"Fallo Prophet, uso media positiva"
20300,"Fallo Prophet, uso media positiva"
20301,"Fallo Prophet, uso media positiva"
20302,"Fallo Prophet, uso media positiva"
20303,"Fallo Prophet, uso media positiva"
20304,"Fallo Prophet, uso media positiva"
20305,"Fallo Prophet, uso media positiva"
20306,"Fallo Prophet, uso media positiva"
20307,"Fallo Prophet, uso media positiva"
20309,"Fallo Prophet, uso media positiva"
20310,"Fallo Prophet, uso media positiva"
20311,"Fallo Prophet, uso media positiva"
20313,"Fallo Prophet, uso media positiva"
20314,"Fallo Prophet, uso media positiva"
20315,"Fallo Prophet, uso media positiva"
20316,"Fallo Prophet, uso media positiva"
20317,"Fallo Prophet, uso media positiva"
20319,"Fallo Prophet, uso media positiva"
20320,"Fallo Prophet, uso media positiva"
20321,"Fallo Prophet, uso media positiva"
20322,"Fallo Prophet, uso media positiva"
20323,"Fallo Prophet, uso media positiva"
20324,"Fallo Prophet, uso media positiva"
20325,"Fallo Prophet, uso media positiva"
20326,"Fallo Prophet, uso media positiva"
20327,"Fallo Prophet, uso media positiva"
20328,"Fallo Prophet, uso media positiva"
20329,"Fallo Prophet, uso media positiva"
20330,"Fallo Prophet, uso media positiva"
20332,"Fallo Prophet, uso media positiva"
20334,"Fallo Prophet, uso media positiva"
20335,"Fallo Prophet, uso media positiva"
20336,"Fallo Prophet, uso media positiva"
20337,"Fallo Prophet, uso media positiva"
20338,"Fallo Prophet, uso media positiva"
20340,"Fallo Prophet, uso media positiva"
20341,"Fallo Prophet, uso media positiva"
20342,"Fallo Prophet, uso media positiva"
20343,"Fallo Prophet, uso media positiva"
20344,"Fallo Prophet, uso media positiva"
20346,"Fallo Prophet, uso media positiva"
20348,"Fallo Prophet, uso media positiva"
20349,"Fallo Prophet, uso media positiva"
20350,"Fallo Prophet, uso media positiva"
20351,"Fallo Prophet, uso media positiva"
20352,"Fallo Prophet, uso media positiva"
20353,"Fallo Prophet, uso media positiva"
20354,"Fallo Prophet, uso media positiva"
20355,Menos de 19 períodos positivos
20356,"Fallo Prophet, uso media positiva"
20357,"Fallo Prophet, uso media positiva"
20358,"Fallo Prophet, uso media positiva"
20359,"Fallo Prophet, uso media positiva"
20361,"Fallo Prophet, uso media positiva"
20362,"Fallo Prophet, uso media positiva"
20364,"Fallo Prophet, uso media positiva"
20365,"Fallo Prophet, uso media positiva"
20366,"Fallo Prophet, uso media positiva"
20367,"Fallo Prophet, uso media positiva"
20368,"Fallo Prophet, uso media positiva"
20372,"Fallo Prophet, uso media positiva"
20375,"Fallo Prophet, uso media positiva"
20377,"Fallo Prophet, uso media positiva"
20378,"Fallo Prophet, uso media positiva"
20379,"Fallo Prophet, uso media positiva"
20380,"Fallo Prophet, uso media positiva"
20381,"Fallo Prophet, uso media positiva"
20382,"Fallo Prophet, uso media positiva"
20383,"Fallo Prophet, uso media positiva"
20384,"Fallo Prophet, uso media positiva"
20385,"Fallo Prophet, uso media positiva"
20386,"Fallo Prophet, uso media positiva"
20387,"Fallo Prophet, uso media positiva"
20388,"Fallo Prophet, uso media positiva"
20389,"Fallo Prophet, uso media positiva"
20390,"Fallo Prophet, uso media positiva"
20395,"Fallo Prophet, uso media positiva"
20396,"Fallo Prophet, uso media positiva"
20398,"Fallo Prophet, uso media positiva"
20400,"Fallo Prophet, uso media positiva"
20401,"Fallo Prophet, uso media positiva"
20402,"Fallo Prophet, uso media positiva"
20403,"Fallo Prophet, uso media positiva"
20404,"Fallo Prophet, uso media positiva"
20406,"Fallo Prophet, uso media positiva"
20407,"Fallo Prophet, uso media positiva"
20408,Menos de 19 períodos positivos
20409,"Fallo Prophet, uso media positiva"
20410,"Fallo Prophet, uso media positiva"
20411,"Fallo Prophet, uso media positiva"
20414,Menos de 19 períodos positivos
20415,"Fallo Prophet, uso media positiva"
20416,"Fallo Prophet, uso media positiva"
20417,"Fallo Prophet, uso media positiva"
20418,"Fallo Prophet, uso media positiva"
20419,"Fallo Prophet, uso media positiva"
20421,"Fallo Prophet, uso media positiva"
20422,"Fallo Prophet, uso media positiva"
20424,"Fallo Prophet, uso media positiva"
20426,"Fallo Prophet, uso media positiva"
20428,"Fallo Prophet, uso media positiva"
20429,"Fallo Prophet, uso media positiva"
20432,"Fallo Prophet, uso media positiva"
20433,"Fallo Prophet, uso media positiva"
20434,"Fallo Prophet, uso media positiva"
20438,"Fallo Prophet, uso media positiva"
20440,Menos de 19 períodos positivos
20442,Menos de 19 períodos positivos
20443,"Fallo Prophet, uso media positiva"
20447,"Fallo Prophet, uso media positiva"
20449,"Fallo Prophet, uso media positiva"
20450,"Fallo Prophet, uso media positiva"
20453,"Fallo Prophet, uso media positiva"
20456,"Fallo Prophet, uso media positiva"
20458,Menos de 19 períodos positivos
20459,Menos de 19 períodos positivos
20460,Menos de 19 períodos positivos
20463,"Fallo Prophet, uso media positiva"
20464,"Fallo Prophet, uso media positiva"
20465,"Fallo Prophet, uso media positiva"
20466,"Fallo Prophet, uso media positiva"
20469,"Fallo Prophet, uso media positiva"
20470,"Fallo Prophet, uso media positiva"
20473,"Fallo Prophet, uso media positiva"
20474,"Fallo Prophet, uso media positiva"
20476,Menos de 19 períodos positivos
20477,Menos de 19 períodos positivos
20478,"Fallo Prophet, uso media positiva"
20479,"Fallo Prophet, uso media positiva"
20480,"Fallo Prophet, uso media positiva"
20481,"Fallo Prophet, uso media positiva"
20482,"Fallo Prophet, uso media positiva"
20483,"Fallo Prophet, uso media positiva"
20484,"Fallo Prophet, uso media positiva"
20488,"Fallo Prophet, uso media positiva"
20490,"Fallo Prophet, uso media positiva"
20491,Menos de 19 períodos positivos
20495,Menos de 19 períodos positivos
20496,"Fallo Prophet, uso media positiva"
20497,"Fallo Prophet, uso media positiva"
20500,"Fallo Prophet, uso media positiva"
20502,"Fallo Prophet, uso media positiva"
20503,Menos de 19 períodos positivos
20505,"Fallo Prophet, uso media positiva"
20508,"Fallo Prophet, uso media positiva"
20509,"Fallo Prophet, uso media positiva"
20510,Menos de 19 períodos positivos
20513,"Fallo Prophet, uso media positiva"
20514,"Fallo Prophet, uso media positiva"
20517,"Fallo Prophet, uso media positiva"
20520,"Fallo Prophet, uso media positiva"
20521,Menos de 19 períodos positivos
20522,Menos de 19 períodos positivos
20523,Menos de 19 períodos positivos
20524,"Fallo Prophet, uso media positiva"
20525,Menos de 19 períodos positivos
20526,Menos de 19 períodos positivos
20527,Menos de 19 períodos positivos
20530,"Fallo Prophet, uso media positiva"
20531,Menos de 19 períodos positivos
20532,"Fallo Prophet, uso media positiva"
20536,"Fallo Prophet, uso media positiva"
20537,Menos de 19 períodos positivos
20538,"Fallo Prophet, uso media positiva"
20539,"Fallo Prophet, uso media positiva"
20540,Menos de 19 períodos positivos
20541,"Fallo Prophet, uso media positiva"
20542,"Fallo Prophet, uso media positiva"
20544,"Fallo Prophet, uso media positiva"
20547,Menos de 19 períodos positivos
20548,Menos de 19 períodos positivos
20549,"Fallo Prophet, uso media positiva"
20551,"Fallo Prophet, uso media positiva"
20552,"Fallo Prophet, uso media positiva"
20553,Menos de 19 períodos positivos
20555,"Fallo Prophet, uso media positiva"
20558,Menos de 19 períodos positivos
20559,Menos de 19 períodos positivos
20560,"Fallo Prophet, uso media positiva"
20561,"Fallo Prophet, uso media positiva"
20563,"Fallo Prophet, uso media positiva"
20565,"Fallo Prophet, uso media positiva"
20567,"Fallo Prophet, uso media positiva"
20568,"Fallo Prophet, uso media positiva"
20569,Menos de 19 períodos positivos
20570,"Fallo Prophet, uso media positiva"
20571,"Fallo Prophet, uso media positiva"
20572,"Fallo Prophet, uso media positiva"
20574,"Fallo Prophet, uso media positiva"
20575,Menos de 19 períodos positivos
20576,"Fallo Prophet, uso media positiva"
20577,Menos de 19 períodos positivos
20578,"Fallo Prophet, uso media positiva"
20579,"Fallo Prophet, uso media positiva"
20580,Menos de 19 períodos positivos
20583,"Fallo Prophet, uso media positiva"
20585,"Fallo Prophet, uso media positiva"
20586,"Fallo Prophet, uso media positiva"
20588,"Fallo Prophet, uso media positiva"
20589,"Fallo Prophet, uso media positiva"
20592,Menos de 19 períodos positivos
20593,Menos de 19 períodos positivos
20596,"Fallo Prophet, uso media positiva"
20597,"Fallo Prophet, uso media positiva"
20599,"Fallo Prophet, uso media positiva"
20600,"Fallo Prophet, uso media positiva"
20601,"Fallo Prophet, uso media positiva"
20602,"Fallo Prophet, uso media positiva"
20603,Menos de 19 períodos positivos
20604,"Fallo Prophet, uso media positiva"
20605,"Fallo Prophet, uso media positiva"
20606,"Fallo Prophet, uso media positiva"
20609,"Fallo Prophet, uso media positiva"
20611,Menos de 19 períodos positivos
20612,"Fallo Prophet, uso media positiva"
20614,"Fallo Prophet, uso media positiva"
20615,Menos de 19 períodos positivos
20617,"Fallo Prophet, uso media positiva"
20620,Menos de 19 períodos positivos
20621,Menos de 19 períodos positivos
20622,"Fallo Prophet, uso media positiva"
20623,Menos de 19 períodos positivos
20624,"Fallo Prophet, uso media positiva"
20627,Menos de 19 períodos positivos
20628,"Fallo Prophet, uso media positiva"
20629,"Fallo Prophet, uso media positiva"
20632,"Fallo Prophet, uso media positiva"
20633,Menos de 19 períodos positivos
20636,"Fallo Prophet, uso media positiva"
20637,"Fallo Prophet, uso media positiva"
20638,Menos de 19 períodos positivos
20639,"Fallo Prophet, uso media positiva"
20640,"Fallo Prophet, uso media positiva"
20641,"Fallo Prophet, uso media positiva"
20642,"Fallo Prophet, uso media positiva"
20644,"Fallo Prophet, uso media positiva"
20646,"Fallo Prophet, uso media positiva"
20647,"Fallo Prophet, uso media positiva"
20649,Menos de 19 períodos positivos
20651,"Fallo Prophet, uso media positiva"
20652,"Fallo Prophet, uso media positiva"
20653,"Fallo Prophet, uso media positiva"
20654,"Fallo Prophet, uso media positiva"
20655,"Fallo Prophet, uso media positiva"
20657,"Fallo Prophet, uso media positiva"
20658,"Fallo Prophet, uso media positiva"
20659,Menos de 19 períodos positivos
20660,"Fallo Prophet, uso media positiva"
20661,"Fallo Prophet, uso media positiva"
20662,Menos de 19 períodos positivos
20663,"Fallo Prophet, uso media positiva"
20664,"Fallo Prophet, uso media positiva"
20666,"Fallo Prophet, uso media positiva"
20667,"Fallo Prophet, uso media positiva"
20670,"Fallo Prophet, uso media positiva"
20672,"Fallo Prophet, uso media positiva"
20673,Menos de 19 períodos positivos
20674,Menos de 19 períodos positivos
20676,"Fallo Prophet, uso media positiva"
20677,"Fallo Prophet, uso media positiva"
20678,"Fallo Prophet, uso media positiva"
20679,Menos de 19 períodos positivos
20680,"Fallo Prophet, uso media positiva"
20681,Menos de 19 períodos positivos
20682,Menos de 19 períodos positivos
20684,"Fallo Prophet, uso media positiva"
20685,"Fallo Prophet, uso media positiva"
20686,Menos de 19 períodos positivos
20689,Menos de 19 períodos positivos
20691,Menos de 19 períodos positivos
20693,"Fallo Prophet, uso media positiva"
20694,Menos de 19 períodos positivos
20696,"Fallo Prophet, uso media positiva"
20697,"Fallo Prophet, uso media positiva"
20699,"Fallo Prophet, uso media positiva"
20700,Menos de 19 períodos positivos
20701,"Fallo Prophet, uso media positiva"
20702,"Fallo Prophet, uso media positiva"
20703,Menos de 19 períodos positivos
20705,"Fallo Prophet, uso media positiva"
20706,"Fallo Prophet, uso media positiva"
20708,"Fallo Prophet, uso media positiva"
20709,Menos de 19 períodos positivos
20711,Menos de 19 períodos positivos
20713,"Fallo Prophet, uso media positiva"
20714,"Fallo Prophet, uso media positiva"
20715,"Fallo Prophet, uso media positiva"
20719,Menos de 19 períodos positivos
20720,Menos de 19 períodos positivos
20721,"Fallo Prophet, uso media positiva"
20724,"Fallo Prophet, uso media positiva"
20729,"Fallo Prophet, uso media positiva"
20730,"Fallo Prophet, uso media positiva"
20732,Menos de 19 períodos positivos
20733,"Fallo Prophet, uso media positiva"
20735,"Fallo Prophet, uso media positiva"
20737,"Fallo Prophet, uso media positiva"
20739,"Fallo Prophet, uso media positiva"
20741,"Fallo Prophet, uso media positiva"
20742,"Fallo Prophet, uso media positiva"
20743,"Fallo Prophet, uso media positiva"
20744,"Fallo Prophet, uso media positiva"
20745,"Fallo Prophet, uso media positiva"
20746,Menos de 19 períodos positivos
20749,"Fallo Prophet, uso media positiva"
20750,"Fallo Prophet, uso media positiva"
20751,"Fallo Prophet, uso media positiva"
20754,Menos de 19 períodos positivos
20756,"Fallo Prophet, uso media positiva"
20757,Menos de 19 períodos positivos
20758,"Fallo Prophet, uso media positiva"
20759,"Fallo Prophet, uso media positiva"
20761,"Fallo Prophet, uso media positiva"
20762,Menos de 19 períodos positivos
20765,"Fallo Prophet, uso media positiva"
20768,"Fallo Prophet, uso media positiva"
20771,"Fallo Prophet, uso media positiva"
20772,Menos de 19 períodos positivos
20773,"Fallo Prophet, uso media positiva"
20774,Menos de 19 períodos positivos
20775,"Fallo Prophet, uso media positiva"
20777,"Fallo Prophet, uso media positiva"
20781,"Fallo Prophet, uso media positiva"
20783,Menos de 19 períodos positivos
20785,Menos de 19 períodos positivos
20786,"Fallo Prophet, uso media positiva"
20788,"Fallo Prophet, uso media positiva"
20789,"Fallo Prophet, uso media positiva"
20793,"Fallo Prophet, uso media positiva"
20795,Menos de 19 períodos positivos
20800,"Fallo Prophet, uso media positiva"
20801,"Fallo Prophet, uso media positiva"
20802,"Fallo Prophet, uso media positiva"
20803,"Fallo Prophet, uso media positiva"
20807,"Fallo Prophet, uso media positiva"
20809,"Fallo Prophet, uso media positiva"
20810,"Fallo Prophet, uso media positiva"
20811,"Fallo Prophet, uso media positiva"
20812,"Fallo Prophet, uso media positiva"
20815,Menos de 19 períodos positivos
20817,Menos de 19 períodos positivos
20818,"Fallo Prophet, uso media positiva"
20820,"Fallo Prophet, uso media positiva"
20822,Menos de 19 períodos positivos
20823,"Fallo Prophet, uso media positiva"
20824,"Fallo Prophet, uso media positiva"
20826,"Fallo Prophet, uso media positiva"
20827,Menos de 19 períodos positivos
20828,"Fallo Prophet, uso media positiva"
20830,"Fallo Prophet, uso media positiva"
20831,"Fallo Prophet, uso media positiva"
20832,"Fallo Prophet, uso media positiva"
20835,Menos de 19 períodos positivos
20838,"Fallo Prophet, uso media positiva"
20840,"Fallo Prophet, uso media positiva"
20843,"Fallo Prophet, uso media positiva"
20845,Menos de 19 períodos positivos
20846,"Fallo Prophet, uso media positiva"
20847,"Fallo Prophet, uso media positiva"
20849,"Fallo Prophet, uso media positiva"
20852,"Fallo Prophet, uso media positiva"
20853,Menos de 19 períodos positivos
20855,"Fallo Prophet, uso media positiva"
20859,Menos de 19 períodos positivos
20862,"Fallo Prophet, uso media positiva"
20863,"Fallo Prophet, uso media positiva"
20864,"Fallo Prophet, uso media positiva"
20865,"Fallo Prophet, uso media positiva"
20870,"Fallo Prophet, uso media positiva"
20877,"Fallo Prophet, uso media positiva"
20878,"Fallo Prophet, uso media positiva"
20879,"Fallo Prophet, uso media positiva"
20882,"Fallo Prophet, uso media positiva"
20883,"Fallo Prophet, uso media positiva"
20885,"Fallo Prophet, uso media positiva"
20886,Menos de 19 períodos positivos
20892,"Fallo Prophet, uso media positiva"
20894,"Fallo Prophet, uso media positiva"
20899,Menos de 19 períodos positivos
20901,"Fallo Prophet, uso media positiva"
20902,Menos de 19 períodos positivos
20904,Menos de 19 períodos positivos
20906,"Fallo Prophet, uso media positiva"
20907,Menos de 19 períodos positivos
20908,Menos de 19 períodos positivos
20910,Menos de 19 períodos positivos
20912,Menos de 19 períodos positivos
20913,"Fallo Prophet, uso media positiva"
20914,"Fallo Prophet, uso media positiva"
20917,Menos de 19 períodos positivos
20919,"Fallo Prophet, uso media positiva"
20920,Menos de 19 períodos positivos
20922,"Fallo Prophet, uso media positiva"
20924,Menos de 19 períodos positivos
20925,"Fallo Prophet, uso media positiva"
20927,Menos de 19 períodos positivos
20928,Menos de 19 períodos positivos
20931,"Fallo Prophet, uso media positiva"
20932,Menos de 19 períodos positivos
20933,Menos de 19 períodos positivos
20936,"Fallo Prophet, uso media positiva"
20937,"Fallo Prophet, uso media positiva"
20941,"Fallo Prophet, uso media positiva"
20942,Menos de 19 períodos positivos
20945,"Fallo Prophet, uso media positiva"
20946,Menos de 19 períodos positivos
20947,"Fallo Prophet, uso media positiva"
20948,"Fallo Prophet, uso media positiva"
20949,"Fallo Prophet, uso media positiva"
20951,"Fallo Prophet, uso media positiva"
20953,Menos de 19 períodos positivos
20956,"Fallo Prophet, uso media positiva"
20957,"Fallo Prophet, uso media positiva"
20961,"Fallo Prophet, uso media positiva"
20962,Menos de 19 períodos positivos
20965,"Fallo Prophet, uso media positiva"
20966,Menos de 19 períodos positivos
20967,Menos de 19 períodos positivos
20968,Menos de 19 períodos positivos
20970,"Fallo Prophet, uso media positiva"
20975,Menos de 19 períodos positivos
20976,"Fallo Prophet, uso media positiva"
20982,"Fallo Prophet, uso media positiva"
20985,"Fallo Prophet, uso media positiva"
20986,"Fallo Prophet, uso media positiva"
20987,Menos de 19 períodos positivos
20990,Menos de 19 períodos positivos
20991,"Fallo Prophet, uso media positiva"
20994,"Fallo Prophet, uso media positiva"
20995,Menos de 19 períodos positivos
20996,"Fallo Prophet, uso media positiva"
20997,Menos de 19 períodos positivos
21001,Menos de 19 períodos positivos
21003,"Fallo Prophet, uso media positiva"
21006,Menos de 19 períodos positivos
21007,Menos de 19 períodos positivos
21008,"Fallo Prophet, uso media positiva"
21014,"Fallo Prophet, uso media positiva"
21016,"Fallo Prophet, uso media positiva"
21022,Menos de 19 períodos positivos
21024,"Fallo Prophet, uso media positiva"
21027,"Fallo Prophet, uso media positiva"
21028,"Fallo Prophet, uso media positiva"
21032,"Fallo Prophet, uso media positiva"
21033,Menos de 19 períodos positivos
21034,"Fallo Prophet, uso media positiva"
21035,Menos de 19 períodos positivos
21037,Menos de 19 períodos positivos
21038,"Fallo Prophet, uso media positiva"
21039,Menos de 19 períodos positivos
21040,"Fallo Prophet, uso media positiva"
21042,Menos de 19 períodos positivos
21044,Menos de 19 períodos positivos
21048,"Fallo Prophet, uso media positiva"
21049,"Fallo Prophet, uso media positiva"
21055,"Fallo Prophet, uso media positiva"
21056,Menos de 19 períodos positivos
21057,"Fallo Prophet, uso media positiva"
21058,Menos de 19 períodos positivos
21064,Menos de 19 períodos positivos
21065,"Fallo Prophet, uso media positiva"
21073,Menos de 19 períodos positivos
21074,Menos de 19 períodos positivos
21077,"Fallo Prophet, uso media positiva"
21079,Menos de 19 períodos positivos
21080,"Fallo Prophet, uso media positiva"
21084,Menos de 19 períodos positivos
21086,Menos de 19 períodos positivos
21087,Menos de 19 períodos positivos
21088,"Fallo Prophet, uso media positiva"
21092,Menos de 19 períodos positivos
21093,Menos de 19 períodos positivos
21097,Menos de 19 períodos positivos
21099,Menos de 19 períodos positivos
21105,Menos de 19 períodos positivos
21109,Menos de 19 períodos positivos
21110,Menos de 19 períodos positivos
21111,Menos de 19 períodos positivos
21112,Menos de 19 períodos positivos
21114,Menos de 19 períodos positivos
21118,"Fallo Prophet, uso media positiva"
21119,Menos de 19 períodos positivos
21126,"Fallo Prophet, uso media positiva"
21129,Menos de 19 períodos positivos
21131,"Fallo Prophet, uso media positiva"
21135,Menos de 19 períodos positivos
21140,Menos de 19 períodos positivos
21142,Menos de 19 períodos positivos
21144,Menos de 19 períodos positivos
21146,Menos de 19 períodos positivos
21153,Menos de 19 períodos positivos
21154,Menos de 19 períodos positivos
21155,"Fallo Prophet, uso media positiva"
21157,"Fallo Prophet, uso media positiva"
21159,Menos de 19 períodos positivos
21163,Menos de 19 períodos positivos
21164,"Fallo Prophet, uso media positiva"
21167,"Fallo Prophet, uso media positiva"
21168,Menos de 19 períodos positivos
21170,"Fallo Prophet, uso media positiva"
21171,Menos de 19 períodos positivos
21176,"Fallo Prophet, uso media positiva"
21179,Menos de 19 períodos positivos
21180,"Fallo Prophet, uso media positiva"
21182,"Fallo Prophet, uso media positiva"
21184,"Fallo Prophet, uso media positiva"
21190,"Fallo Prophet, uso media positiva"
21191,Menos de 19 períodos positivos
21192,"Fallo Prophet, uso media positiva"
21194,"Fallo Prophet, uso media positiva"
21196,Menos de 19 períodos positivos
21200,"Fallo Prophet, uso media positiva"
21201,Menos de 19 períodos positivos
21202,"Fallo Prophet, uso media positiva"
21207,"Fallo Prophet, uso media positiva"
21209,Menos de 19 períodos positivos
21212,"Fallo Prophet, uso media positiva"
21214,Menos de 19 períodos positivos
21218,"Fallo Prophet, uso media positiva"
21222,"Fallo Prophet, uso media positiva"
21224,"Fallo Prophet, uso media positiva"
21226,Menos de 19 períodos positivos
21227,Menos de 19 períodos positivos
21233,Menos de 19 períodos positivos
21244,Menos de 19 períodos positivos
21245,Menos de 19 períodos positivos
21246,Menos de 19 períodos positivos
21248,Menos de 19 períodos positivos
21252,Menos de 19 períodos positivos
21256,Menos de 19 períodos positivos
21259,Menos de 19 períodos positivos
21262,Menos de 19 períodos positivos
21263,Menos de 19 períodos positivos
21265,Menos de 19 períodos positivos
21266,Menos de 19 períodos positivos
21267,Menos de 19 períodos positivos
21276,Menos de 19 períodos positivos
